Date,State,ConfirmedCasesIndian,ConfirmedCasesForeign,Discharged,Deaths,TotalConfirmed
2020-03-10,Delhi,4,0,0,0,4
2020-03-10,Haryana,0,14,0,0,14
2020-03-10,Karnataka,1,0,0,0,1
2020-03-10,Kerala,9,0,0,0,9
2020-03-10,Maharashtra,2,0,0,0,2
2020-03-10,Punjab,1,0,0,0,1
2020-03-10,Rajasthan,0,2,0,0,2
2020-03-10,Tamil Nadu,1,0,0,0,1
2020-03-10,Telengana,1,0,0,0,1
2020-03-10,Uttar Pradesh,9,0,0,0,9
2020-03-10,JK and Ladakh,3,0,0,0,3
2020-03-11,Delhi,5,0,0,0,5
2020-03-11,Haryana,0,14,0,0,14
2020-03-11,Karnataka,4,0,0,0,4
2020-03-11,Kerala,17,0,0,0,17
2020-03-11,Maharashtra,2,0,0,0,2
2020-03-11,Punjab,1,0,0,0,1
2020-03-11,Rajasthan,1,2,0,0,3
2020-03-11,Tamil Nadu,1,0,0,0,1
2020-03-11,Telengana,1,0,0,0,1
2020-03-11,Uttar Pradesh,9,0,0,0,9
2020-03-11,JK and Ladakh,3,0,0,0,3
2020-03-12,Delhi,6,0,0,0,6
2020-03-12,Haryana,0,14,0,0,14
2020-03-12,Karnataka,4,0,0,0,4
2020-03-12,Kerala,17,0,0,0,17
2020-03-12,Maharashtra,11,0,0,0,11
2020-03-12,Punjab,1,0,0,0,1
2020-03-12,Rajasthan,1,2,0,0,3
2020-03-12,Tamil Nadu,1,0,0,0,1
2020-03-12,Telengana,1,0,0,0,1
2020-03-12,Uttar Pradesh,10,1,0,0,11
2020-03-12,JK and Ladakh,4,0,0,0,4
2020-03-13,Andhra Pradesh,1,0,0,0,1
2020-03-13,Delhi,7,0,1,1,7
2020-03-13,Haryana,0,14,0,0,14
2020-03-13,Karnataka,6,0,0,1,6
2020-03-13,Kerala,19,0,3,0,19
2020-03-13,Maharashtra,14,0,0,0,14
2020-03-13,Punjab,1,0,0,0,1
2020-03-13,Rajasthan,1,2,1,0,3
2020-03-13,Tamil Nadu,1,0,0,0,1
2020-03-13,Telengana,1,0,0,0,1
2020-03-13,Uttar Pradesh,10,1,5,0,11
2020-03-13,JK and Ladakh,4,0,0,0,4
2020-03-14,Andhra Pradesh,1,0,0,0,1
2020-03-14,Delhi,7,0,1,1,7
2020-03-14,Haryana,0,14,0,0,14
2020-03-14,Karnataka,6,0,0,1,6
2020-03-14,Kerala,19,0,3,0,19
2020-03-14,Maharashtra,14,0,0,0,14
2020-03-14,Punjab,1,0,0,0,1
2020-03-14,Rajasthan,1,2,1,0,3
2020-03-14,Tamil Nadu,1,0,0,0,1
2020-03-14,Telengana,1,0,0,0,1
2020-03-14,Uttar Pradesh,11,1,5,0,12
2020-03-14,JK and Ladakh,5,0,0,0,5
2020-03-15,Andhra Pradesh,1,0,0,0,1
2020-03-15,Delhi,7,0,2,1,7
2020-03-15,Haryana,0,14,0,0,14
2020-03-15,Karnataka,6,0,0,1,6
2020-03-15,Kerala,22,0,3,0,22
2020-03-15,Maharashtra,32,0,0,0,32
2020-03-15,Punjab,1,0,0,0,1
2020-03-15,Rajasthan,2,2,3,0,4
2020-03-15,Tamil Nadu,1,0,0,0,1
2020-03-15,Telengana,3,0,1,0,3
2020-03-15,Uttar Pradesh,12,1,4,0,13
2020-03-15,Uttarakhand,1,0,0,0,1
2020-03-15,JK and Ladakh,5,0,0,0,5
2020-03-16,Andhra Pradesh,1,0,0,0,1
2020-03-16,Delhi,7,0,2,1,7
2020-03-16,Haryana,0,14,0,0,14
2020-03-16,Karnataka,6,0,0,1,6
2020-03-16,Kerala,23,0,3,0,23
2020-03-16,Maharashtra,32,0,0,0,32
2020-03-16,Odisha,1,0,0,0,1
2020-03-16,Punjab,1,0,0,0,1
2020-03-16,Rajasthan,2,2,3,0,4
2020-03-16,Tamil Nadu,1,0,0,0,1
2020-03-16,Telengana,3,0,1,0,3
2020-03-16,Uttar Pradesh,12,1,4,0,13
2020-03-16,Uttarakhand,1,0,0,0,1
2020-03-16,JK and Ladakh,7,0,0,0,7
2020-03-17,Andhra Pradesh,1,0,0,0,1
2020-03-17,Delhi,8,0,2,1,8
2020-03-17,Haryana,1,14,0,0,15
2020-03-17,Karnataka,11,0,0,1,11
2020-03-17,Kerala,24,2,3,0,26
2020-03-17,Maharashtra,36,3,0,1,39
2020-03-17,Odisha,1,0,0,0,1
2020-03-17,Punjab,1,0,0,0,1
2020-03-17,Rajasthan,2,2,3,0,4
2020-03-17,Tamil Nadu,1,0,0,0,1
2020-03-17,Telengana,3,2,1,0,5
2020-03-17,Uttar Pradesh,14,1,5,0,15
2020-03-17,Uttarakhand,1,0,0,0,1
2020-03-17,JK and Ladakh,9,0,0,0,9
2020-03-18,Andhra Pradesh,1,0,0,0,1
2020-03-18,Delhi,9,1,2,1,10
2020-03-18,Haryana,3,14,0,0,17
2020-03-18,Karnataka,11,0,0,1,11
2020-03-18,Kerala,25,2,3,0,27
2020-03-18,Maharashtra,39,3,0,1,42
2020-03-18,Odisha,1,0,0,0,1
2020-03-18,Puducherry,1,0,0,0,1
2020-03-18,Punjab,1,0,0,0,1
2020-03-18,Rajasthan,2,2,3,0,4
2020-03-18,Tamil Nadu,1,0,0,0,1
2020-03-18,Telengana,4,2,1,0,6
2020-03-18,Uttar Pradesh,15,1,5,0,16
2020-03-18,Uttarakhand,1,0,0,0,1
2020-03-18,West Bengal,1,0,0,0,1
2020-03-18,JK and Ladakh,11,0,0,0,11
2020-03-19,Andhra Pradesh,2,0,0,0,2
2020-03-19,Chhattisgarh,1,0,0,0,1
2020-03-19,Delhi,11,1,3,1,12
2020-03-19,Haryana,3,14,0,0,17
2020-03-19,Karnataka,14,0,0,1,14
2020-03-19,Kerala,25,2,3,0,27
2020-03-19,Maharashtra,44,3,0,1,47
2020-03-19,Odisha,1,0,0,0,1
2020-03-19,Puducherry,1,0,0,0,1
2020-03-19,Punjab,2,0,0,1,2
2020-03-19,Rajasthan,5,2,3,0,7
2020-03-19,Tamil Nadu,2,0,1,0,2
2020-03-19,Telengana,4,2,1,0,6
2020-03-19,Chandigarh,1,0,0,0,1
2020-03-19,Uttar Pradesh,18,1,9,0,19
2020-03-19,Uttarakhand,1,0,0,0,1
2020-03-19,West Bengal,1,0,0,0,1
2020-03-19,JK and Ladakh,12,0,0,0,12
2020-03-20,Andhra Pradesh,3,0,0,0,3
2020-03-20,Chhattisgarh,1,0,0,0,1
2020-03-20,Delhi,16,1,5,1,17
2020-03-20,Gujarat,5,0,0,0,5
2020-03-20,Haryana,3,14,0,0,17
2020-03-20,Karnataka,15,0,1,1,15
2020-03-20,Kerala,26,2,3,0,28
2020-03-20,Maharashtra,49,3,0,1,52
2020-03-20,Odisha,2,0,0,0,2
2020-03-20,Puducherry,1,0,0,0,1
2020-03-20,Punjab,2,0,0,1,2
2020-03-20,Rajasthan,15,2,3,0,17
2020-03-20,Tamil Nadu,3,0,1,0,3
2020-03-20,Telengana,8,9,1,0,17
2020-03-20,Chandigarh,1,0,0,0,1
2020-03-20,Uttar Pradesh,22,1,9,0,23
2020-03-20,Uttarakhand,3,0,0,0,3
2020-03-20,West Bengal,2,0,0,0,2
2020-03-20,JK and Ladakh,14,0,0,0,14
2020-03-21,Andhra Pradesh,3,0,0,0,3
2020-03-21,Chhattisgarh,1,0,0,0,1
2020-03-21,Delhi,25,1,5,1,26
2020-03-21,Gujarat,7,0,0,0,7
2020-03-21,Haryana,3,14,0,0,17
2020-03-21,Himachal Pradesh,2,0,0,0,2
2020-03-21,Karnataka,15,0,1,1,15
2020-03-21,Kerala,33,7,3,0,40
2020-03-21,Madhya Pradesh,4,0,0,0,4
2020-03-21,Maharashtra,60,3,0,1,63
2020-03-21,Odisha,2,0,0,0,2
2020-03-21,Puducherry,1,0,0,0,1
2020-03-21,Punjab,13,0,0,1,13
2020-03-21,Rajasthan,15,2,3,0,17
2020-03-21,Tamil Nadu,3,0,1,0,3
2020-03-21,Telengana,10,11,1,0,21
2020-03-21,Chandigarh,1,0,0,0,1
2020-03-21,Uttar Pradesh,23,1,9,0,24
2020-03-21,Uttarakhand,3,0,0,0,3
2020-03-21,West Bengal,3,0,0,0,3
2020-03-21,JK and Ladakh,17,0,0,0,17
2020-03-22,Andhra Pradesh,5,0,0,0,5
2020-03-22,Bihar,2,0,0,1,2
2020-03-22,Chhattisgarh,1,0,0,0,1
2020-03-22,Delhi,28,1,5,1,29
2020-03-22,Gujarat,18,0,0,1,18
2020-03-22,Haryana,7,14,0,0,21
2020-03-22,Himachal Pradesh,2,0,0,0,2
2020-03-22,Karnataka,26,0,2,1,26
2020-03-22,Kerala,45,7,3,0,52
2020-03-22,Madhya Pradesh,4,0,0,0,4
2020-03-22,Maharashtra,64,3,0,2,67
2020-03-22,Odisha,2,0,0,0,2
2020-03-22,Puducherry,1,0,0,0,1
2020-03-22,Punjab,21,0,0,1,21
2020-03-22,Rajasthan,22,2,3,0,24
2020-03-22,Tamil Nadu,5,2,1,0,7
2020-03-22,Telengana,11,11,1,0,22
2020-03-22,Chandigarh,5,0,0,0,5
2020-03-22,Uttar Pradesh,26,1,9,0,27
2020-03-22,Uttarakhand,3,0,0,0,3
2020-03-22,West Bengal,4,0,0,0,4
2020-03-22,JK and Ladakh,17,0,0,0,17
2020-03-23,Andhra Pradesh,7,0,0,0,7
2020-03-23,Bihar,2,0,0,1,2
2020-03-23,Chhattisgarh,1,0,0,0,1
2020-03-23,Delhi,28,1,5,1,29
2020-03-23,Gujarat,29,0,0,1,29
2020-03-23,Haryana,12,14,11,0,26
2020-03-23,Himachal Pradesh,2,0,0,0,2
2020-03-23,Karnataka,33,0,2,1,33
2020-03-23,Kerala,60,7,3,0,67
2020-03-23,Madhya Pradesh,6,0,0,0,6
2020-03-23,Maharashtra,71,3,0,2,74
2020-03-23,Odisha,2,0,0,0,2
2020-03-23,Puducherry,1,0,0,0,1
2020-03-23,Punjab,21,0,0,1,21
2020-03-23,Rajasthan,26,2,3,0,28
2020-03-23,Tamil Nadu,7,2,1,0,9
2020-03-23,Telengana,22,10,1,0,32
2020-03-23,Chandigarh,6,0,0,0,6
2020-03-23,Uttar Pradesh,30,1,9,0,31
2020-03-23,Uttarakhand,3,0,0,0,3
2020-03-23,West Bengal,7,0,0,1,7
2020-03-23,JK and Ladakh,17,0,0,0,17
2020-03-24,Andhra Pradesh,8,0,0,0,8
2020-03-24,Bihar,3,0,0,1,3
2020-03-24,Chhattisgarh,1,0,0,0,1
2020-03-24,Delhi,29,1,6,2,30
2020-03-24,Gujarat,32,1,0,1,33
2020-03-24,Haryana,14,14,11,0,28
2020-03-24,Himachal Pradesh,3,0,0,1,3
2020-03-24,Karnataka,37,0,3,1,37
2020-03-24,Kerala,87,8,4,0,95
2020-03-24,Madhya Pradesh,7,0,0,0,7
2020-03-24,Maharashtra,86,3,0,2,89
2020-03-24,Manipur,1,0,0,0,1
2020-03-24,Odisha,2,0,0,0,2
2020-03-24,Puducherry,1,0,0,0,1
2020-03-24,Punjab,29,0,0,1,29
2020-03-24,Rajasthan,30,2,3,0,32
2020-03-24,Tamil Nadu,13,2,1,0,15
2020-03-24,Telengana,25,10,1,0,35
2020-03-24,Chandigarh,7,0,0,0,7
2020-03-24,Uttar Pradesh,32,1,11,0,33
2020-03-24,Uttarakhand,3,1,0,0,4
2020-03-24,West Bengal,9,0,0,1,9
2020-03-24,JK and Ladakh,17,0,0,0,17
2020-03-25,Andhra Pradesh,9,0,1,0,9
2020-03-25,Bihar,4,0,0,1,4
2020-03-25,Chhattisgarh,1,0,0,0,1
2020-03-25,Delhi,30,1,6,1,31
2020-03-25,Gujarat,37,1,0,1,38
2020-03-25,Haryana,14,14,11,0,28
2020-03-25,Himachal Pradesh,3,0,0,1,3
2020-03-25,Karnataka,41,0,3,1,41
2020-03-25,Kerala,101,8,4,0,109
2020-03-25,Madhya Pradesh,14,0,0,0,14
2020-03-25,Maharashtra,125,3,1,3,128
2020-03-25,Manipur,1,0,0,0,1
2020-03-25,Mizoram,1,0,0,0,1
2020-03-25,Odisha,2,0,0,0,2
2020-03-25,Puducherry,1,0,0,0,1
2020-03-25,Punjab,29,0,0,1,29
2020-03-25,Rajasthan,34,2,3,0,36
2020-03-25,Tamil Nadu,16,2,1,0,18
2020-03-25,Telengana,25,10,1,0,35
2020-03-25,Chandigarh,7,0,0,0,7
2020-03-25,Uttar Pradesh,36,1,11,0,37
2020-03-25,Uttarakhand,3,1,0,0,4
2020-03-25,West Bengal,9,0,0,1,9
2020-03-25,JK and Ladakh,20,0,1,0,20
2020-03-26,Andaman and Nicobar Islands,1,0,0,0,1
2020-03-26,Andhra Pradesh,11,0,1,0,11
2020-03-26,Bihar,6,0,0,1,6
2020-03-26,Chandigarh,7,0,0,0,7
2020-03-26,Chhattisgarh,6,0,0,0,6
2020-03-26,Delhi,35,1,6,1,36
2020-03-26,Goa,3,0,0,0,3
2020-03-26,Gujarat,42,1,0,3,43
2020-03-26,Haryana,16,14,11,0,30
2020-03-26,Himachal Pradesh,3,0,0,1,3
2020-03-26,Karnataka,55,0,3,2,55
2020-03-26,Kerala,110,8,6,0,118
2020-03-26,Madhya Pradesh,20,0,0,1,20
2020-03-26,Maharashtra,121,3,1,3,124
2020-03-26,Manipur,1,0,0,0,1
2020-03-26,Mizoram,1,0,0,0,1
2020-03-26,Odisha,2,0,0,0,2
2020-03-26,Puducherry,1,0,0,0,1
2020-03-26,Punjab,33,0,0,1,33
2020-03-26,Rajasthan,39,2,3,0,41
2020-03-26,Tamil Nadu,20,6,1,1,26
2020-03-26,Telengana,34,10,1,0,44
2020-03-26,Uttarakhand,4,1,0,0,5
2020-03-26,Uttar Pradesh,40,1,11,0,41
2020-03-26,West Bengal,10,0,0,1,10
2020-03-26,JK and Ladakh,26,0,1,0,26
2020-03-27,Andaman and Nicobar Islands,1,0,0,0,1
2020-03-27,Andhra Pradesh,12,0,1,0,12
2020-03-27,Bihar,6,0,0,1,6
2020-03-27,Chandigarh,7,0,0,0,7
2020-03-27,Chhattisgarh,6,0,0,0,6
2020-03-27,Delhi,35,1,6,1,36
2020-03-27,Goa,3,0,0,0,3
2020-03-27,Gujarat,42,1,0,3,43
2020-03-27,Haryana,16,14,11,0,30
2020-03-27,Himachal Pradesh,3,0,0,1,3
2020-03-27,Karnataka,55,0,3,2,55
2020-03-27,Kerala,129,8,11,0,137
2020-03-27,Madhya Pradesh,20,0,0,1,20
2020-03-27,Maharashtra,127,3,15,4,130
2020-03-27,Manipur,1,0,0,0,1
2020-03-27,Mizoram,1,0,0,0,1
2020-03-27,Odisha,2,0,0,0,2
2020-03-27,Puducherry,1,0,0,0,1
2020-03-27,Punjab,33,0,0,1,33
2020-03-27,Rajasthan,39,2,3,0,41
2020-03-27,Tamil Nadu,23,6,1,1,29
2020-03-27,Telengana,35,10,1,0,45
2020-03-27,Uttarakhand,4,1,0,0,5
2020-03-27,Uttar Pradesh,40,1,11,0,41
2020-03-27,West Bengal,10,0,0,1,10
2020-03-27,JK and Ladakh,26,0,4,1,26
2020-03-28,Andhra Pradesh,14,0,1,0,14
2020-03-28,Andaman and Nicobar Islands,6,0,0,0,6
2020-03-28,Bihar,9,0,0,1,9
2020-03-28,Chandigarh,8,0,0,0,8
2020-03-28,Chhattisgarh,6,0,0,0,6
2020-03-28,Delhi,38,1,6,1,39
2020-03-28,Goa,3,0,0,0,3
2020-03-28,Gujarat,44,1,0,3,45
2020-03-28,Haryana,19,14,12,0,33
2020-03-28,Himachal Pradesh,3,0,0,1,3
2020-03-28,Karnataka,55,0,3,2,55
2020-03-28,Kerala,168,8,11,0,176
2020-03-28,Madhya Pradesh,30,0,0,2,30
2020-03-28,Maharashtra,177,3,25,5,180
2020-03-28,Manipur,1,0,0,0,1
2020-03-28,Mizoram,1,0,0,0,1
2020-03-28,Odisha,3,0,0,0,3
2020-03-28,Puducherry,1,0,0,0,1
2020-03-28,Punjab,38,0,1,1,38
2020-03-28,Rajasthan,52,2,3,0,54
2020-03-28,Tamil Nadu,34,6,2,1,40
2020-03-28,Telengana,46,10,1,0,56
2020-03-28,Uttarakhand,4,1,0,0,5
2020-03-28,Uttar Pradesh,54,1,11,0,55
2020-03-28,West Bengal,15,0,0,1,15
2020-03-28,JK and Ladakh,33,0,4,1,33
2020-03-29,Andhra Pradesh,19,0,1,0,19
2020-03-29,Andaman and Nicobar Islands,9,0,0,0,9
2020-03-29,Bihar,11,0,0,1,11
2020-03-29,Chandigarh,8,0,0,0,8
2020-03-29,Chhattisgarh,7,0,0,0,7
2020-03-29,Delhi,48,1,6,2,49
2020-03-29,Goa,4,1,0,0,5
2020-03-29,Gujarat,57,1,1,5,58
2020-03-29,Haryana,19,14,17,0,33
2020-03-29,Himachal Pradesh,3,0,0,1,3
2020-03-29,Karnataka,76,0,5,3,76
2020-03-29,Kerala,174,8,15,1,182
2020-03-29,Madhya Pradesh,30,0,0,2,30
2020-03-29,Maharashtra,183,3,25,6,186
2020-03-29,Manipur,1,0,0,0,1
2020-03-29,Mizoram,1,0,0,0,1
2020-03-29,Odisha,3,0,0,0,3
2020-03-29,Puducherry,1,0,0,0,1
2020-03-29,Punjab,38,0,1,1,38
2020-03-29,Rajasthan,53,2,3,0,55
2020-03-29,Tamil Nadu,43,6,4,1,49
2020-03-29,Telengana,56,10,1,1,66
2020-03-29,Uttarakhand,6,1,2,0,7
2020-03-29,Uttar Pradesh,64,1,11,0,65
2020-03-29,West Bengal,18,0,0,1,18
2020-03-29,JK and Ladakh,44,0,4,2,44
2020-03-30,Andhra Pradesh,23,0,1,0,23
2020-03-30,Andaman and Nicobar Islands,9,0,0,0,9
2020-03-30,Bihar,15,0,0,1,15
2020-03-30,Chandigarh,8,0,0,0,8
2020-03-30,Chhattisgarh,7,0,0,0,7
2020-03-30,Delhi,86,1,6,2,87
2020-03-30,Goa,4,1,0,0,5
2020-03-30,Gujarat,68,1,1,6,69
2020-03-30,Haryana,22,14,18,0,36
2020-03-30,Himachal Pradesh,3,0,0,1,3
2020-03-30,Karnataka,83,0,5,3,83
2020-03-30,Kerala,194,8,19,1,202
2020-03-30,Madhya Pradesh,47,0,0,3,47
2020-03-30,Maharashtra,195,3,25,8,198
2020-03-30,Manipur,1,0,0,0,1
2020-03-30,Mizoram,1,0,0,0,1
2020-03-30,Odisha,3,0,0,0,3
2020-03-30,Puducherry,1,0,0,0,1
2020-03-30,Punjab,38,0,1,1,38
2020-03-30,Rajasthan,57,2,3,0,59
2020-03-30,Tamil Nadu,61,6,4,1,67
2020-03-30,Telengana,61,10,1,1,71
2020-03-30,Uttarakhand,6,1,2,0,7
2020-03-30,Uttar Pradesh,81,1,11,0,82
2020-03-30,West Bengal,22,0,0,1,22
2020-03-30,JK and Ladakh,61,0,5,2,61
2020-03-31,Andhra Pradesh,40,0,1,0,40
2020-03-31,Andaman and Nicobar Islands,10,0,0,0,10
2020-03-31,Bihar,15,0,0,1,15
2020-03-31,Chandigarh,13,0,0,0,13
2020-03-31,Chhattisgarh,8,0,0,0,8
2020-03-31,Delhi,96,1,6,2,97
2020-03-31,Goa,4,1,0,0,5
2020-03-31,Gujarat,72,1,3,6,73
2020-03-31,Haryana,26,14,21,0,40
2020-03-31,Himachal Pradesh,3,0,0,1,3
2020-03-31,Karnataka,83,0,5,3,83
2020-03-31,Kerala,226,8,19,1,234
2020-03-31,Madhya Pradesh,47,0,0,3,47
2020-03-31,Maharashtra,213,3,39,9,216
2020-03-31,Manipur,1,0,0,0,1
2020-03-31,Mizoram,1,0,0,0,1
2020-03-31,Odisha,3,0,0,0,3
2020-03-31,Puducherry,1,0,0,0,1
2020-03-31,Punjab,41,0,1,3,41
2020-03-31,Rajasthan,72,2,3,0,74
2020-03-31,Tamil Nadu,68,6,4,1,74
2020-03-31,Telengana,69,10,1,1,79
2020-03-31,Uttarakhand,6,1,2,0,7
2020-03-31,Uttar Pradesh,100,1,14,0,101
2020-03-31,West Bengal,26,0,0,2,26
2020-03-31,JK and Ladakh,67,0,5,2,67
2020-04-01,Andhra Pradesh,83,0,0,0,83
2020-04-01,Andaman and Nicobar Islands,10,0,1,0,10
2020-04-01,Assam,1,0,0,0,1
2020-04-01,Bihar,23,0,0,1,23
2020-04-01,Chandigarh,16,0,0,0,16
2020-04-01,Chhattisgarh,9,0,2,0,9
2020-04-01,Delhi,151,1,6,2,152
2020-04-01,Goa,4,1,0,0,5
2020-04-01,Gujarat,81,1,5,6,82
2020-04-01,Haryana,29,14,21,0,43
2020-04-01,Himachal Pradesh,3,0,0,1,3
2020-04-01,Jharkhand,1,0,0,0,1
2020-04-01,Karnataka,101,0,8,3,101
2020-04-01,Kerala,233,8,23,2,241
2020-04-01,Madhya Pradesh,66,0,0,3,66
2020-04-01,Maharashtra,299,3,39,9,302
2020-04-01,Manipur,1,0,0,0,1
2020-04-01,Mizoram,1,0,0,0,1
2020-04-01,Odisha,4,0,0,0,4
2020-04-01,Puducherry,3,0,1,0,3
2020-04-01,Punjab,42,0,1,3,42
2020-04-01,Rajasthan,91,2,3,0,93
2020-04-01,Tamil Nadu,228,6,6,1,234
2020-04-01,Telengana,86,10,1,3,96
2020-04-01,Uttarakhand,6,1,2,0,7
2020-04-01,Uttar Pradesh,102,1,14,2,103
2020-04-01,West Bengal,37,0,6,3,37
2020-04-01,JK and Ladakh,75,0,5,2,75
2020-04-02,Andhra Pradesh,86,0,1,1,86
2020-04-02,Andaman and Nicobar Islands,10,0,0,0,10
2020-04-02,Assam,5,0,0,0,5
2020-04-02,Bihar,24,0,0,1,24
2020-04-02,Chandigarh,16,0,0,0,16
2020-04-02,Chhattisgarh,9,0,2,0,9
2020-04-02,Delhi,218,1,8,4,219
2020-04-02,Goa,4,1,0,0,5
2020-04-02,Gujarat,86,1,8,7,87
2020-04-02,Haryana,29,14,21,0,43
2020-04-02,Himachal Pradesh,3,0,1,1,3
2020-04-02,Jharkhand,1,0,0,0,1
2020-04-02,Karnataka,110,0,9,3,110
2020-04-02,Kerala,257,8,25,2,265
2020-04-02,Madhya Pradesh,99,0,0,6,99
2020-04-02,Maharashtra,332,3,42,13,335
2020-04-02,Manipur,1,0,0,0,1
2020-04-02,Mizoram,1,0,0,0,1
2020-04-02,Odisha,4,0,0,0,4
2020-04-02,Puducherry,3,0,1,0,3
2020-04-02,Punjab,46,0,1,4,46
2020-04-02,Rajasthan,106,2,3,0,108
2020-04-02,Tamil Nadu,228,6,6,1,234
2020-04-02,Telengana,97,10,1,3,107
2020-04-02,Uttarakhand,6,1,2,0,7
2020-04-02,Uttar Pradesh,112,1,14,2,113
2020-04-02,West Bengal,53,0,6,3,53
2020-04-02,JK and Ladakh,75,0,5,2,75
2020-04-03,Andhra Pradesh,132,0,1,1,132
2020-04-03,Andaman and Nicobar Islands,10,0,0,0,10
2020-04-03,Arunachal Pradesh,1,0,0,0,1
2020-04-03,Assam,16,0,0,0,16
2020-04-03,Bihar,29,0,0,1,29
2020-04-03,Chandigarh,18,0,0,0,18
2020-04-03,Chhattisgarh,9,0,3,0,9
2020-04-03,Delhi,218,1,8,4,219
2020-04-03,Goa,5,1,0,0,6
2020-04-03,Gujarat,94,1,10,8,95
2020-04-03,Haryana,35,14,24,0,49
2020-04-03,Himachal Pradesh,6,0,1,1,6
2020-04-03,Jharkhand,2,0,0,0,2
2020-04-03,Karnataka,124,0,10,3,124
2020-04-03,Kerala,278,8,27,2,286
2020-04-03,Madhya Pradesh,104,0,0,6,104
2020-04-03,Maharashtra,332,3,42,16,335
2020-04-03,Manipur,2,0,0,0,2
2020-04-03,Mizoram,1,0,0,0,1
2020-04-03,Odisha,5,0,0,0,5
2020-04-03,Puducherry,5,0,1,0,5
2020-04-03,Punjab,48,0,1,5,48
2020-04-03,Rajasthan,165,2,3,0,167
2020-04-03,Tamil Nadu,303,6,6,1,309
2020-04-03,Telengana,148,10,1,7,158
2020-04-03,Uttarakhand,9,1,2,0,10
2020-04-03,Uttar Pradesh,171,1,14,2,172
2020-04-03,West Bengal,63,0,3,3,63
2020-04-03,JK and Ladakh,89,0,6,2,89
2020-04-04,Andhra Pradesh,161,0,1,1,161
2020-04-04,Andaman and Nicobar Islands,10,0,0,0,10
2020-04-04,Arunachal Pradesh,1,0,0,0,1
2020-04-04,Assam,24,0,0,0,24
2020-04-04,Bihar,30,0,0,1,30
2020-04-04,Chandigarh,18,0,0,0,18
2020-04-04,Chhattisgarh,9,0,3,0,9
2020-04-04,Delhi,444,1,15,6,445
2020-04-04,Goa,6,1,0,0,7
2020-04-04,Gujarat,104,1,14,10,105
2020-04-04,Haryana,35,14,24,0,49
2020-04-04,Himachal Pradesh,6,0,1,1,6
2020-04-04,Jharkhand,2,0,0,0,2
2020-04-04,Karnataka,128,0,12,3,128
2020-04-04,Kerala,287,8,41,2,295
2020-04-04,Madhya Pradesh,104,0,0,6,104
2020-04-04,Maharashtra,487,3,42,24,490
2020-04-04,Manipur,2,0,0,0,2
2020-04-04,Mizoram,1,0,0,0,1
2020-04-04,Odisha,5,0,0,0,5
2020-04-04,Puducherry,5,0,1,0,5
2020-04-04,Punjab,57,0,1,5,57
2020-04-04,Rajasthan,198,2,21,0,200
2020-04-04,Tamil Nadu,405,6,6,2,411
2020-04-04,Telengana,149,10,1,7,159
2020-04-04,Uttarakhand,15,1,2,0,16
2020-04-04,Uttar Pradesh,173,1,19,2,174
2020-04-04,West Bengal,69,0,3,3,69
2020-04-04,JK and Ladakh,89,0,6,2,89
2020-04-05,Andhra Pradesh,190,0,1,1,190
2020-04-05,Andaman and Nicobar Islands,10,0,0,0,10
2020-04-05,Arunachal Pradesh,1,0,0,0,1
2020-04-05,Assam,26,0,0,0,26
2020-04-05,Bihar,30,0,0,1,30
2020-04-05,Chandigarh,18,0,0,0,18
2020-04-05,Chhattisgarh,9,0,3,0,9
2020-04-05,Delhi,502,1,18,7,503
2020-04-05,Goa,6,1,0,0,7
2020-04-05,Gujarat,121,1,18,11,122
2020-04-05,Haryana,45,14,25,1,59
2020-04-05,Himachal Pradesh,6,0,1,1,6
2020-04-05,Jharkhand,3,0,0,0,3
2020-04-05,Karnataka,144,0,12,4,144
2020-04-05,Kerala,298,8,49,2,306
2020-04-05,Madhya Pradesh,165,0,0,9,165
2020-04-05,Maharashtra,487,3,42,24,490
2020-04-05,Manipur,2,0,0,0,2
2020-04-05,Mizoram,1,0,0,0,1
2020-04-05,Odisha,20,0,0,0,20
2020-04-05,Puducherry,5,0,1,0,5
2020-04-05,Punjab,57,0,1,5,57
2020-04-05,Rajasthan,198,2,21,0,200
2020-04-05,Tamil Nadu,479,6,6,3,485
2020-04-05,Telengana,259,10,32,7,269
2020-04-05,Uttarakhand,21,1,2,0,22
2020-04-05,Uttar Pradesh,226,1,19,2,227
2020-04-05,West Bengal,80,0,10,3,80
2020-04-05,JK and Ladakh,120,0,14,2,120
2020-04-06,Andhra Pradesh,226,0,1,3,226
2020-04-06,Andaman and Nicobar Islands,10,0,0,0,10
2020-04-06,Arunachal Pradesh,1,0,0,0,1
2020-04-06,Assam,26,0,0,0,26
2020-04-06,Bihar,32,0,0,1,32
2020-04-06,Chandigarh,18,0,0,0,18
2020-04-06,Chhattisgarh,10,0,8,0,10
2020-04-06,Delhi,522,1,19,7,523
2020-04-06,Goa,6,1,0,0,7
2020-04-06,Gujarat,143,1,22,12,144
2020-04-06,Haryana,70,14,25,1,84
2020-04-06,Himachal Pradesh,13,0,2,1,13
2020-04-06,Jharkhand,4,0,0,0,4
2020-04-06,Karnataka,151,0,12,4,151
2020-04-06,Kerala,306,8,55,2,314
2020-04-06,Madhya Pradesh,165,0,0,9,165
2020-04-06,Maharashtra,745,3,56,45,748
2020-04-06,Manipur,2,0,0,0,2
2020-04-06,Mizoram,1,0,0,0,1
2020-04-06,Odisha,21,0,2,0,21
2020-04-06,Puducherry,5,0,1,0,5
2020-04-06,Punjab,76,0,4,6,76
2020-04-06,Rajasthan,272,2,21,0,274
2020-04-06,Tamil Nadu,565,6,8,5,571
2020-04-06,Telengana,311,10,34,7,321
2020-04-06,Uttarakhand,25,1,4,0,26
2020-04-06,Uttar Pradesh,304,1,21,3,305
2020-04-06,West Bengal,80,0,10,3,80
2020-04-06,JK and Ladakh,123,0,14,2,123
2020-04-07,Andhra Pradesh,266,0,1,3,266
2020-04-07,Andaman and Nicobar Islands,10,0,0,0,10
2020-04-07,Arunachal Pradesh,1,0,0,0,1
2020-04-07,Assam,26,0,0,0,26
2020-04-07,Bihar,32,0,0,1,32
2020-04-07,Chandigarh,18,0,7,0,18
2020-04-07,Chhattisgarh,10,0,9,0,10
2020-04-07,Delhi,575,1,21,7,576
2020-04-07,Goa,6,1,0,0,7
2020-04-07,Gujarat,164,1,25,13,165
2020-04-07,Haryana,76,14,25,1,90
2020-04-07,Himachal Pradesh,13,0,2,1,13
2020-04-07,Jharkhand,4,0,0,0,4
2020-04-07,Karnataka,175,0,25,4,175
2020-04-07,Kerala,319,8,58,2,327
2020-04-07,Madhya Pradesh,229,0,0,13,229
2020-04-07,Maharashtra,865,3,56,48,868
2020-04-07,Manipur,2,0,0,0,2
2020-04-07,Mizoram,1,0,0,0,1
2020-04-07,Odisha,42,0,2,1,42
2020-04-07,Puducherry,5,0,1,0,5
2020-04-07,Punjab,91,0,4,7,91
2020-04-07,Rajasthan,286,2,21,3,288
2020-04-07,Tamil Nadu,615,6,8,5,621
2020-04-07,Telengana,354,10,35,7,364
2020-04-07,Tripura,1,0,0,0,1
2020-04-07,Uttarakhand,30,1,5,0,31
2020-04-07,Uttar Pradesh,304,1,21,3,305
2020-04-07,West Bengal,91,0,13,3,91
2020-04-07,JK and Ladakh,130,0,14,2,130
2020-04-08,Andhra Pradesh,305,0,5,4,305
2020-04-08,Andaman and Nicobar Islands,10,0,0,0,10
2020-04-08,Arunachal Pradesh,1,0,0,0,1
2020-04-08,Assam,27,0,0,0,27
2020-04-08,Bihar,38,0,0,1,38
2020-04-08,Chandigarh,18,0,7,0,18
2020-04-08,Chhattisgarh,10,0,9,0,10
2020-04-08,Delhi,575,1,21,9,576
2020-04-08,Goa,6,1,0,0,7
2020-04-08,Gujarat,164,1,25,13,165
2020-04-08,Haryana,133,14,28,3,147
2020-04-08,Himachal Pradesh,18,0,2,1,18
2020-04-08,Jharkhand,4,0,0,0,4
2020-04-08,Karnataka,175,0,25,4,175
2020-04-08,Kerala,328,8,70,2,336
2020-04-08,Madhya Pradesh,229,0,0,13,229
2020-04-08,Maharashtra,1015,3,79,64,1018
2020-04-08,Manipur,2,0,0,0,2
2020-04-08,Mizoram,1,0,0,0,1
2020-04-08,Odisha,42,0,2,1,42
2020-04-08,Puducherry,5,0,1,0,5
2020-04-08,Punjab,91,0,4,7,91
2020-04-08,Rajasthan,326,2,21,3,328
2020-04-08,Tamil Nadu,684,6,19,7,690
2020-04-08,Telengana,417,10,35,7,427
2020-04-08,Tripura,1,0,0,0,1
2020-04-08,Uttarakhand,30,1,5,0,31
2020-04-08,Uttar Pradesh,342,1,26,3,343
2020-04-08,West Bengal,99,0,13,5,99
2020-04-08,JK and Ladakh,130,0,14,2,130
2020-04-09,Andhra Pradesh,348,0,6,4,348
2020-04-09,Andaman and Nicobar Islands,11,0,0,0,11
2020-04-09,Arunachal Pradesh,1,0,0,0,1
2020-04-09,Assam,28,0,0,0,28
2020-04-09,Bihar,39,0,0,1,39
2020-04-09,Chandigarh,18,0,7,0,18
2020-04-09,Chhattisgarh,10,0,9,0,10
2020-04-09,Delhi,668,1,21,9,669
2020-04-09,Goa,6,1,0,0,7
2020-04-09,Gujarat,178,1,25,16,179
2020-04-09,Haryana,155,14,29,3,169
2020-04-09,Himachal Pradesh,18,0,2,1,18
2020-04-09,Jharkhand,13,0,0,0,13
2020-04-09,Karnataka,181,0,28,5,181
2020-04-09,Kerala,337,8,83,2,345
2020-04-09,Madhya Pradesh,259,0,0,16,259
2020-04-09,Maharashtra,1132,3,117,72,1135
2020-04-09,Manipur,2,0,1,0,2
2020-04-09,Mizoram,1,0,0,0,1
2020-04-09,Odisha,42,0,2,1,42
2020-04-09,Puducherry,5,0,1,0,5
2020-04-09,Punjab,101,0,4,8,101
2020-04-09,Rajasthan,381,2,21,3,383
2020-04-09,Tamil Nadu,732,6,21,8,738
2020-04-09,Telengana,432,10,35,7,442
2020-04-09,Tripura,1,0,0,0,1
2020-04-09,Uttarakhand,34,1,5,0,35
2020-04-09,Uttar Pradesh,409,1,31,4,410
2020-04-09,West Bengal,103,0,16,5,103
2020-04-09,JK and Ladakh,172,0,14,4,172
2020-04-10,Andhra Pradesh,363,0,7,6,363
2020-04-10,Andaman and Nicobar Islands,11,0,0,0,11
2020-04-10,Arunachal Pradesh,1,0,0,0,1
2020-04-10,Assam,29,0,0,0,29
2020-04-10,Bihar,60,0,0,1,60
2020-04-10,Chandigarh,18,0,7,0,18
2020-04-10,Chhattisgarh,10,0,9,0,10
2020-04-10,Delhi,897,1,25,13,898
2020-04-10,Goa,6,1,1,0,7
2020-04-10,Gujarat,240,1,26,17,241
2020-04-10,Haryana,155,14,29,3,169
2020-04-10,Himachal Pradesh,28,0,6,1,28
2020-04-10,Jharkhand,13,0,0,1,13
2020-04-10,Karnataka,197,0,30,6,197
2020-04-10,Kerala,349,8,96,2,357
2020-04-10,Madhya Pradesh,259,0,0,16,259
2020-04-10,Maharashtra,1361,3,125,97,1364
2020-04-10,Manipur,2,0,1,0,2
2020-04-10,Mizoram,1,0,0,0,1
2020-04-10,Odisha,44,0,2,1,44
2020-04-10,Puducherry,5,0,1,0,5
2020-04-10,Punjab,132,0,5,11,132
2020-04-10,Rajasthan,461,2,21,3,463
2020-04-10,Tamil Nadu,828,6,21,8,834
2020-04-10,Telengana,463,10,35,7,473
2020-04-10,Tripura,1,0,0,0,1
2020-04-10,Uttarakhand,34,1,5,0,35
2020-04-10,Uttar Pradesh,430,1,32,4,431
2020-04-10,West Bengal,116,0,16,5,116
2020-04-10,JK and Ladakh,199,0,16,4,199
2020-04-11,Andhra Pradesh,381,0,11,6,381
2020-04-11,Andaman and Nicobar Islands,11,0,0,0,11
2020-04-11,Arunachal Pradesh,1,0,0,0,1
2020-04-11,Assam,29,0,0,1,29
2020-04-11,Bihar,60,0,0,1,60
2020-04-11,Chandigarh,18,0,7,0,18
2020-04-11,Chhattisgarh,18,0,9,0,18
2020-04-11,Delhi,902,1,25,14,903
2020-04-11,Goa,6,1,1,0,7
2020-04-11,Gujarat,307,1,31,19,308
2020-04-11,Haryana,163,14,29,3,177
2020-04-11,Himachal Pradesh,28,0,6,1,28
2020-04-11,Jharkhand,17,0,0,1,17
2020-04-11,Karnataka,214,0,37,6,214
2020-04-11,Kerala,356,8,123,2,364
2020-04-11,Madhya Pradesh,443,0,0,33,443
2020-04-11,Maharashtra,1571,3,188,110,1574
2020-04-11,Manipur,2,0,1,0,2
2020-04-11,Mizoram,1,0,0,0,1
2020-04-11,Odisha,48,0,2,1,48
2020-04-11,Puducherry,7,0,1,0,7
2020-04-11,Punjab,132,0,5,11,132
2020-04-11,Rajasthan,551,2,21,3,553
2020-04-11,Tamil Nadu,905,6,44,8,911
2020-04-11,Telengana,494,10,43,9,504
2020-04-11,Tripura,2,0,0,0,2
2020-04-11,Uttarakhand,34,1,5,0,35
2020-04-11,Uttar Pradesh,432,1,32,4,433
2020-04-11,West Bengal,126,0,16,5,126
2020-04-11,JK and Ladakh,222,0,16,4,222
2020-04-12,Andhra Pradesh,381,0,11,6,381
2020-04-12,Andaman and Nicobar Islands,11,0,10,0,11
2020-04-12,Arunachal Pradesh,1,0,0,0,1
2020-04-12,Assam,29,0,0,1,29
2020-04-12,Bihar,64,0,19,1,64
2020-04-12,Chandigarh,19,0,7,0,19
2020-04-12,Chhattisgarh,25,0,10,0,25
2020-04-12,Delhi,1068,1,25,19,1069
2020-04-12,Goa,6,1,5,0,7
2020-04-12,Gujarat,431,1,44,22,432
2020-04-12,Haryana,171,14,29,3,185
2020-04-12,Himachal Pradesh,32,0,6,1,32
2020-04-12,Jharkhand,17,0,0,1,17
2020-04-12,Karnataka,226,0,37,6,226
2020-04-12,Kerala,366,8,142,2,374
2020-04-12,Madhya Pradesh,564,0,0,36,564
2020-04-12,Maharashtra,1758,3,208,127,1761
2020-04-12,Manipur,2,0,1,0,2
2020-04-12,Mizoram,1,0,0,0,1
2020-04-12,Odisha,54,0,12,1,54
2020-04-12,Puducherry,7,0,1,0,7
2020-04-12,Punjab,151,0,5,11,151
2020-04-12,Rajasthan,698,2,21,3,700
2020-04-12,Tamil Nadu,963,6,44,10,969
2020-04-12,Telengana,494,10,43,9,504
2020-04-12,Tripura,2,0,0,0,2
2020-04-12,Uttarakhand,34,1,5,0,35
2020-04-12,Uttar Pradesh,451,1,45,5,452
2020-04-12,West Bengal,134,0,19,5,134
2020-04-12,JK and Ladakh,239,0,16,4,239
2020-04-13,Andhra Pradesh,432,0,11,7,432
2020-04-13,Andaman and Nicobar Islands,11,0,10,0,11
2020-04-13,Arunachal Pradesh,1,0,0,0,1
2020-04-13,Assam,31,0,0,1,31
2020-04-13,Bihar,64,0,26,1,64
2020-04-13,Chandigarh,21,0,7,0,21
2020-04-13,Chhattisgarh,31,0,10,0,31
2020-04-13,Delhi,1153,1,27,24,1154
2020-04-13,Goa,6,1,5,0,7
2020-04-13,Gujarat,538,1,47,26,539
2020-04-13,Haryana,171,14,29,3,185
2020-04-13,Himachal Pradesh,32,0,13,1,32
2020-04-13,Jharkhand,19,0,0,2,19
2020-04-13,Karnataka,247,0,59,6,247
2020-04-13,Kerala,368,8,179,3,376
2020-04-13,Madhya Pradesh,604,0,44,43,604
2020-04-13,Maharashtra,1982,3,217,149,1985
2020-04-13,Manipur,2,0,1,0,2
2020-04-13,Mizoram,1,0,0,0,1
2020-04-13,Nagaland,1,0,0,0,1
2020-04-13,Odisha,54,0,12,1,54
2020-04-13,Puducherry,7,0,1,0,7
2020-04-13,Punjab,167,0,14,11,167
2020-04-13,Rajasthan,810,2,21,3,812
2020-04-13,Tamil Nadu,1069,6,50,11,1075
2020-04-13,Telengana,552,10,100,16,562
2020-04-13,Tripura,2,0,0,0,2
2020-04-13,Uttarakhand,34,1,5,0,35
2020-04-13,Uttar Pradesh,482,1,47,5,483
2020-04-13,West Bengal,152,0,29,7,152
2020-04-13,JK and Ladakh,260,0,16,4,260
2020-04-14,Andhra Pradesh,473,0,14,9,473
2020-04-14,Andaman and Nicobar Islands,11,0,10,0,11
2020-04-14,Arunachal Pradesh,1,0,0,0,1
2020-04-14,Assam,31,0,0,1,31
2020-04-14,Bihar,66,0,26,1,66
2020-04-14,Chandigarh,21,0,7,0,21
2020-04-14,Chhattisgarh,31,0,10,0,31
2020-04-14,Delhi,1509,1,30,28,1510
2020-04-14,Goa,6,1,5,0,7
2020-04-14,Gujarat,616,1,55,26,617
2020-04-14,Haryana,185,14,34,3,199
2020-04-14,Himachal Pradesh,32,0,13,1,32
2020-04-14,Jharkhand,24,0,0,2,24
2020-04-14,Karnataka,258,0,65,9,258
2020-04-14,Kerala,371,8,198,3,379
2020-04-14,Madhya Pradesh,730,0,51,50,730
2020-04-14,Maharashtra,2334,3,229,160,2337
2020-04-14,Manipur,2,0,1,0,2
2020-04-14,Meghalaya,1,0,0,0,1
2020-04-14,Mizoram,1,0,0,0,1
2020-04-14,Nagaland,1,0,0,0,1
2020-04-14,Odisha,55,0,18,1,55
2020-04-14,Puducherry,7,0,1,0,7
2020-04-14,Punjab,176,0,14,12,176
2020-04-14,Rajasthan,877,2,133,3,879
2020-04-14,Tamil Nadu,1167,6,58,11,1173
2020-04-14,Telengana,614,10,100,17,624
2020-04-14,Tripura,2,0,0,0,2
2020-04-14,Uttarakhand,34,1,7,0,35
2020-04-14,Uttar Pradesh,656,1,49,5,657
2020-04-14,West Bengal,190,0,36,7,190
2020-04-14,JK and Ladakh,285,0,26,4,285
2020-04-15,Andaman and Nicobar Islands,11,0,10,0,11
2020-04-15,Andhra Pradesh,503,0,16,9,503
2020-04-15,Arunachal Pradesh,1,0,0,0,1
2020-04-15,Assam,33,0,0,1,33
2020-04-15,Bihar,70,0,29,1,70
2020-04-15,Chandigarh,21,0,7,0,21
2020-04-15,Chhattisgarh,33,0,13,0,33
2020-04-15,Delhi,1560,1,30,30,1561
2020-04-15,Goa,6,1,5,0,7
2020-04-15,Gujarat,694,1,59,30,695
2020-04-15,Haryana,185,14,34,3,199
2020-04-15,Himachal Pradesh,33,0,13,1,33
2020-04-15,Jharkhand,27,0,0,2,27
2020-04-15,Karnataka,277,0,75,11,277
2020-04-15,Kerala,379,8,211,3,387
2020-04-15,Madhya Pradesh,987,0,64,53,987
2020-04-15,Maharashtra,2684,3,259,178,2687
2020-04-15,Manipur,2,0,1,0,2
2020-04-15,Meghalaya,7,0,0,1,7
2020-04-15,Mizoram,1,0,0,0,1
2020-04-15,Nagaland,0,0,0,0,0
2020-04-15,Odisha,60,0,18,1,60
2020-04-15,Puducherry,7,0,1,0,7
2020-04-15,Punjab,186,0,14,13,186
2020-04-15,Rajasthan,1003,2,147,3,1005
2020-04-15,Tamil Nadu,1198,6,81,12,1204
2020-04-15,Telengana,637,10,120,18,647
2020-04-15,Tripura,2,0,0,0,2
2020-04-15,Uttarakhand,36,1,9,0,37
2020-04-15,Uttar Pradesh,734,1,51,11,735
2020-04-15,West Bengal,213,0,37,7,213
2020-04-15,JK and Ladakh,295,0,40,4,295
2020-04-16,Andaman and Nicobar Islands,11,0,10,0,11
2020-04-16,Andhra Pradesh,534,0,20,14,534
2020-04-16,Arunachal Pradesh,1,0,0,0,1
2020-04-16,Assam,33,0,5,1,33
2020-04-16,Bihar,74,0,29,1,74
2020-04-16,Chandigarh,21,0,7,0,21
2020-04-16,Chhattisgarh,33,0,17,0,33
2020-04-16,Delhi,1577,1,42,32,1578
2020-04-16,Goa,6,1,5,0,7
2020-04-16,Gujarat,870,1,64,36,871
2020-04-16,Haryana,191,14,43,3,205
2020-04-16,Himachal Pradesh,35,0,16,1,35
2020-04-16,Jharkhand,28,0,0,2,28
2020-04-16,Karnataka,315,0,82,13,315
2020-04-16,Kerala,380,8,218,3,388
2020-04-16,Madhya Pradesh,1120,0,64,53,1120
2020-04-16,Maharashtra,2916,3,295,187,2919
2020-04-16,Manipur,2,0,1,0,2
2020-04-16,Meghalaya,7,0,0,1,7
2020-04-16,Mizoram,1,0,0,0,1
2020-04-16,Nagaland,0,0,0,0,0
2020-04-16,Odisha,60,0,18,1,60
2020-04-16,Puducherry,7,0,1,0,7
2020-04-16,Punjab,186,0,27,13,186
2020-04-16,Rajasthan,1021,2,147,3,1023
2020-04-16,Tamil Nadu,1236,6,118,14,1242
2020-04-16,Telengana,688,10,120,18,698
2020-04-16,Tripura,2,0,1,0,2
2020-04-16,Uttarakhand,36,1,9,0,37
2020-04-16,Uttar Pradesh,772,1,68,13,773
2020-04-16,West Bengal,231,0,42,7,231
2020-04-16,JK and Ladakh,317,0,46,4,317
2020-04-17,Andaman and Nicobar Islands,11,0,10,0,11
2020-04-17,Andhra Pradesh,572,0,36,14,572
2020-04-17,Arunachal Pradesh,1,0,0,0,1
2020-04-17,Assam,35,0,5,1,35
2020-04-17,Bihar,83,0,37,1,83
2020-04-17,Chandigarh,21,0,9,0,21
2020-04-17,Chhattisgarh,36,0,23,0,36
2020-04-17,Delhi,1639,1,51,38,1640
2020-04-17,Goa,6,1,6,0,7
2020-04-17,Gujarat,1020,1,74,38,1021
2020-04-17,Haryana,191,14,43,3,205
2020-04-17,Himachal Pradesh,35,0,16,1,35
2020-04-17,Jharkhand,29,0,0,2,29
2020-04-17,Karnataka,353,0,82,13,353
2020-04-17,Kerala,387,8,245,3,395
2020-04-17,Madhya Pradesh,1308,0,65,57,1308
2020-04-17,Maharashtra,3202,3,300,194,3205
2020-04-17,Manipur,2,0,1,0,2
2020-04-17,Meghalaya,9,0,0,1,9
2020-04-17,Mizoram,1,0,0,0,1
2020-04-17,Nagaland,0,0,0,0,0
2020-04-17,Odisha,60,0,19,1,60
2020-04-17,Puducherry,7,0,1,0,7
2020-04-17,Punjab,186,0,27,13,186
2020-04-17,Rajasthan,1129,2,164,11,1131
2020-04-17,Tamil Nadu,1261,6,180,15,1267
2020-04-17,Telengana,733,10,186,18,743
2020-04-17,Tripura,2,0,1,0,2
2020-04-17,Uttarakhand,36,1,9,0,37
2020-04-17,Uttar Pradesh,845,1,74,14,846
2020-04-17,West Bengal,255,0,51,10,255
2020-04-17,JK and Ladakh,332,0,52,4,332
2020-04-18,Andaman and Nicobar Islands,12,0,11,0,12
2020-04-18,Andhra Pradesh,603,0,42,15,603
2020-04-18,Arunachal Pradesh,1,0,0,0,1
2020-04-18,Assam,35,0,9,1,35
2020-04-18,Bihar,85,0,37,2,85
2020-04-18,Chandigarh,21,0,9,0,21
2020-04-18,Chhattisgarh,36,0,24,0,36
2020-04-18,Delhi,1706,1,72,42,1707
2020-04-18,Goa,6,1,6,0,7
2020-04-18,Gujarat,1271,1,88,48,1272
2020-04-18,Haryana,211,14,43,3,225
2020-04-18,Himachal Pradesh,38,0,16,1,38
2020-04-18,Jharkhand,33,0,0,2,33
2020-04-18,Karnataka,371,0,92,13,371
2020-04-18,Kerala,388,8,255,3,396
2020-04-18,Madhya Pradesh,1355,0,69,69,1355
2020-04-18,Maharashtra,3320,3,331,201,3323
2020-04-18,Manipur,2,0,1,0,2
2020-04-18,Meghalaya,11,0,0,1,11
2020-04-18,Mizoram,1,0,0,0,1
2020-04-18,Nagaland,0,0,0,0,0
2020-04-18,Odisha,60,0,21,1,60
2020-04-18,Puducherry,7,0,3,0,7
2020-04-18,Punjab,202,0,27,13,202
2020-04-18,Rajasthan,1227,2,183,11,1229
2020-04-18,Tamil Nadu,1317,6,283,15,1323
2020-04-18,Telengana,781,10,186,18,791
2020-04-18,Tripura,2,0,1,0,2
2020-04-18,Uttarakhand,41,1,9,0,42
2020-04-18,Uttar Pradesh,968,1,86,14,969
2020-04-18,West Bengal,287,0,55,10,287
2020-04-18,JK and Ladakh,346,0,56,5,346
2020-04-19,Andaman and Nicobar Islands,14,0,11,0,14
2020-04-19,Andhra Pradesh,603,0,42,15,603
2020-04-19,Arunachal Pradesh,1,0,0,0,1
2020-04-19,Assam,35,0,12,1,35
2020-04-19,Bihar,86,0,37,2,86
2020-04-19,Chandigarh,23,0,10,0,23
2020-04-19,Chhattisgarh,36,0,24,0,36
2020-04-19,Delhi,1892,1,72,43,1893
2020-04-19,Goa,6,1,6,0,7
2020-04-19,Gujarat,1603,1,94,58,1604
2020-04-19,Haryana,219,14,87,3,233
2020-04-19,Himachal Pradesh,39,0,16,1,39
2020-04-19,Jharkhand,35,0,0,2,35
2020-04-19,Karnataka,384,0,104,14,384
2020-04-19,Kerala,392,8,257,3,400
2020-04-19,Madhya Pradesh,1407,0,127,70,1407
2020-04-19,Maharashtra,3648,3,365,211,3651
2020-04-19,Manipur,2,0,1,0,2
2020-04-19,Meghalaya,11,0,0,1,11
2020-04-19,Mizoram,1,0,0,0,1
2020-04-19,Nagaland,0,0,0,0,0
2020-04-19,Odisha,61,0,24,1,61
2020-04-19,Puducherry,7,0,3,0,7
2020-04-19,Punjab,219,0,31,16,219
2020-04-19,Rajasthan,1349,2,183,11,1351
2020-04-19,Tamil Nadu,1366,6,365,15,1372
2020-04-19,Telengana,834,10,186,18,844
2020-04-19,Tripura,2,0,1,0,2
2020-04-19,Uttarakhand,41,1,9,0,42
2020-04-19,Uttar Pradesh,1083,1,108,17,1084
2020-04-19,West Bengal,310,0,62,12,310
2020-04-19,JK and Ladakh,359,0,65,5,359
2020-04-20,Andaman and Nicobar Islands,15,0,11,0,15
2020-04-20,Andhra Pradesh,722,0,92,20,722
2020-04-20,Arunachal Pradesh,1,0,0,0,1
2020-04-20,Assam,35,0,17,1,35
2020-04-20,Bihar,96,0,42,2,96
2020-04-20,Chandigarh,26,0,13,0,26
2020-04-20,Chhattisgarh,36,0,25,0,36
2020-04-20,Delhi,2002,1,290,45,2003
2020-04-20,Goa,6,1,7,0,7
2020-04-20,Gujarat,1850,1,106,67,1851
2020-04-20,Haryana,219,14,87,3,233
2020-04-20,Himachal Pradesh,39,0,16,1,39
2020-04-20,Jharkhand,42,0,0,2,42
2020-04-20,Karnataka,395,0,111,16,395
2020-04-20,Kerala,394,8,270,3,402
2020-04-20,Madhya Pradesh,1485,0,127,74,1485
2020-04-20,Maharashtra,4200,3,507,223,4203
2020-04-20,Manipur,2,0,2,0,2
2020-04-20,Meghalaya,11,0,0,1,11
2020-04-20,Mizoram,1,0,0,0,1
2020-04-20,Nagaland,0,0,0,0,0
2020-04-20,Odisha,68,0,24,1,68
2020-04-20,Puducherry,7,0,3,0,7
2020-04-20,Punjab,219,0,31,16,219
2020-04-20,Rajasthan,1476,2,183,14,1478
2020-04-20,Tamil Nadu,1471,6,411,15,1477
2020-04-20,Telengana,863,10,190,21,873
2020-04-20,Tripura,2,0,1,0,2
2020-04-20,Uttarakhand,43,1,11,0,44
2020-04-20,Uttar Pradesh,1175,1,129,17,1176
2020-04-20,West Bengal,339,0,66,12,339
2020-04-20,JK and Ladakh,368,0,70,5,368
2020-04-21,Andaman and Nicobar Islands,16,0,11,0,16
2020-04-21,Andhra Pradesh,757,0,96,22,757
2020-04-21,Arunachal Pradesh,1,0,1,0,1
2020-04-21,Assam,35,0,19,1,35
2020-04-21,Bihar,114,0,42,2,114
2020-04-21,Chandigarh,26,0,13,0,26
2020-04-21,Chhattisgarh,36,0,25,0,36
2020-04-21,Delhi,2080,1,431,47,2081
2020-04-21,Goa,6,1,7,0,7
2020-04-21,Gujarat,2065,1,131,77,2066
2020-04-21,Haryana,240,14,127,3,254
2020-04-21,Himachal Pradesh,39,0,16,1,39
2020-04-21,Jharkhand,46,0,0,2,46
2020-04-21,Karnataka,415,0,114,17,415
2020-04-21,Kerala,400,8,291,3,408
2020-04-21,Madhya Pradesh,1540,0,127,76,1540
2020-04-21,Maharashtra,4666,3,572,232,4669
2020-04-21,Manipur,2,0,2,0,2
2020-04-21,Meghalaya,11,0,0,1,11
2020-04-21,Mizoram,1,0,0,0,1
2020-04-21,Nagaland,0,0,0,0,0
2020-04-21,Odisha,74,0,24,1,74
2020-04-21,Puducherry,7,0,3,0,7
2020-04-21,Punjab,245,0,39,16,245
2020-04-21,Rajasthan,1574,2,205,25,1576
2020-04-21,Tamil Nadu,1514,6,457,17,1520
2020-04-21,Telengana,909,10,190,23,919
2020-04-21,Tripura,2,0,1,0,2
2020-04-21,Uttarakhand,45,1,18,0,46
2020-04-21,Uttar Pradesh,1293,1,140,20,1294
2020-04-21,West Bengal,392,0,73,12,392
2020-04-21,JK and Ladakh,386,0,85,5,386
2020-04-22,Andaman and Nicobar Islands,17,0,11,0,17
2020-04-22,Andhra Pradesh,813,0,120,24,813
2020-04-22,Arunachal Pradesh,1,0,1,0,1
2020-04-22,Assam,35,0,19,1,35
2020-04-22,Bihar,126,0,46,2,126
2020-04-22,Chandigarh,27,0,14,0,27
2020-04-22,Chhattisgarh,36,0,26,0,36
2020-04-22,Delhi,2155,1,611,47,2156
2020-04-22,Goa,6,1,7,0,7
2020-04-22,Gujarat,2271,1,144,95,2272
2020-04-22,Haryana,240,14,127,3,254
2020-04-22,Himachal Pradesh,39,0,16,1,39
2020-04-22,Jharkhand#,45,0,0,3,45
2020-04-22,Karnataka,425,0,129,17,425
2020-04-22,Kerala,419,8,323,3,427
2020-04-22,Madhya Pradesh,1592,0,148,80,1592
2020-04-22,Maharashtra,5218,3,722,251,5221
2020-04-22,Manipur,2,0,2,0,2
2020-04-22,Meghalaya,12,0,0,1,12
2020-04-22,Mizoram,1,0,0,0,1
2020-04-22,Odisha,82,0,30,1,82
2020-04-22,Puducherry,7,0,3,0,7
2020-04-22,Punjab,251,0,49,16,251
2020-04-22,Rajasthan,1799,2,230,25,1801
2020-04-22,Tamil Nadu,1590,6,635,18,1596
2020-04-22,Telengana,935,10,194,23,945
2020-04-22,Tripura,2,0,1,0,2
2020-04-22,Uttarakhand,45,1,19,0,46
2020-04-22,Uttar Pradesh,1411,1,165,21,1412
2020-04-22,West Bengal,423,0,73,15,423
2020-04-22,JK and Ladakh,398,0,95,5,398
2020-04-23,Andaman and Nicobar Islands,18,0,11,0,18
2020-04-23,Andhra Pradesh,895,0,141,27,895
2020-04-23,Arunachal Pradesh,1,0,1,0,1
2020-04-23,Assam,35,0,19,1,35
2020-04-23,Bihar,148,0,46,2,148
2020-04-23,Chandigarh,27,0,14,0,27
2020-04-23,Chhattisgarh,36,0,28,0,36
2020-04-23,Delhi,2247,1,724,48,2248
2020-04-23,Goa,6,1,7,0,7
2020-04-23,Gujarat,2406,1,179,103,2407
2020-04-23,Haryana,248,14,140,3,262
2020-04-23,Himachal Pradesh,40,0,18,1,40
2020-04-23,Jharkhand,49,0,8,3,49
2020-04-23,Karnataka,443,0,141,17,443
2020-04-23,Kerala,430,8,324,3,438
2020-04-23,Madhya Pradesh,1695,0,148,81,1695
2020-04-23,Maharashtra,5649,3,789,269,5652
2020-04-23,Manipur,2,0,2,0,2
2020-04-23,Meghalaya,12,0,0,1,12
2020-04-23,Mizoram,1,0,0,0,1
2020-04-23,Odisha,83,0,32,1,83
2020-04-23,Puducherry,7,0,3,0,7
2020-04-23,Punjab,277,0,65,16,277
2020-04-23,Rajasthan,1888,2,230,27,1890
2020-04-23,Tamil Nadu,1623,6,662,18,1629
2020-04-23,Telengana,950,10,197,24,960
2020-04-23,Tripura,2,0,1,0,2
2020-04-23,Uttarakhand,45,1,23,0,46
2020-04-23,Uttar Pradesh,1508,1,187,21,1509
2020-04-23,West Bengal,456,0,79,15,456
2020-04-23,JK and Ladakh,425,0,106,5,425
